Room,Potent Value,Ellipsis
1,529
2,489
1,528
2,489
1,529
2,489
1,530
2,489
1,528
2,489
1,529
2,489
1,529
2,489
1,529
2,489
1,529
2,489
1,529
2,489
1,529
2,489
1,529
2,489
1,528
2,489
1,529
2,489
1,529
2,489
1,528
2,489
1,528
2,489
1,530
2,489
1,528
2,489
1,529
2,489
1,529
2,489
1,531
2,489
1,528
2,489
1,529
2,489
1,528
2,489
1,529
2,489
1,529
2,489
1,529
2,489
1,531
2,489
1,527
2,489
1,528
2,489
1,529
2,489
1,528
2,489
1,529
2,489
1,529
2,489
1,529
2,489
1,529
2,489
1,530
2,489
1,528
2,489
1,528
2,489
1,529
2,489
1,531
2,489
1,529
2,489
1,528
2,489
